Book Id,Title,Author,Author l-f,Additional Authors,ISBN,ISBN13,My Rating,Publisher,Binding,Number of Pages,Year Published,Original Publication Year,Date Read,Date Added,Bookshelves,Bookshelves with positions,Exclusive Shelf,My Review,Spoiler,Private Notes,Read Count,Owned Copies
5890,The Woman in White,Wilkie Collins,"Collins, Wilkie",Matthew Sweet,"=""""","=""""",0,Penguin Classics,Paperback,672,2003,1859,,2026/07/30,currently-reading,currently-reading (#7),currently-reading,,,,1,0
243042929,"Cool Machine (The Harlem Trilogy, #3)",Colson Whitehead,"Whitehead, Colson",,"=""0385550502""","=""9780385550505""",5.0,Doubleday,Hardcover,368,2026,2026,2026/07/29,2026/07/26,,,read,,,,1,0
41733839,The Great Gatsby,F. Scott Fitzgerald,"Fitzgerald, F. Scott",Jesmyn Ward,"=""""","=""""",5.0,Scribner,Paperback,180,2018,1925,2026/07/24,2026/07/24,,,read,,,,1,0
61713802,City of Dreams (Danny Ryan #2),Don Winslow,"Winslow, Don",,"=""0062851233""","=""9780062851239""",4.0,William Morrow,Hardcover,352,2023,2023,2026/07/23,2026/07/22,,,read,,,,1,0
57558287,"City on Fire (Danny Ryan, #1)",Don Winslow,"Winslow, Don",,"=""0062851195""","=""9780062851192""",4.0,William Morrow,Hardcover,384,2022,2021,2026/07/15,2026/07/15,,,read,,,,1,0
206236,"The Power of the Dog (Power of the Dog, #1)",Don Winslow,"Winslow, Don",,"=""1400096936""","=""9781400096930""",5.0,Vintage Crime/Black Lizard,Paperback,542,2006,2005,2026/07/13,2026/07/13,,,read,,,,1,0
243772777,"Ironwood (Catalina, #2; Harry Bosch Universe, #42)",Michael Connelly,"Connelly, Michael",,"=""0316595381""","=""9780316595384""",3.0,"Little, Brown and Company",Hardcover,327,2026,2026,2026/07/10,2026/07/13,,,read,,,,1,0
235134618,Habitat,Theis Ørntoft,"Ørntoft, Theis",,"=""870241175X""","=""9788702411751""",0,Gyldendal,ebook,580,2025,2025,,2026/07/03,currently-reading,currently-reading (#6),currently-reading,,,,1,0
29875918,Six Four,Hideo Yokoyama,"Yokoyama, Hideo",Jonathan Lloyd-Davies,"=""0374265518""","=""9780374265519""",4.0,"Farrar, Straus and Giroux",Hardcover,576,2017,2012,2026/07/03,2026/07/03,,,read,,,,1,0
125321,"Barchester Towers (Chronicles of Barsetshire, #2)",Anthony Trollope,"Trollope, Anthony",,"=""1406923044""","=""9781406923049""",0,Oxford University Press,Paperback,418,2006,1857,,2026/05/15,currently-reading,currently-reading (#5),currently-reading,,,,1,0
267123,"The Warden (Chronicles of Barsetshire, #1)",Anthony Trollope,"Trollope, Anthony","Edward Ardizzone, David Skilton","=""0192834088""","=""9780192834089""",4.0,Oxford University Press,Paperback,336,1998,1855,2026/05/14,2026/05/10,,,read,,,,1,0
50827,Dombey and Son,Charles Dickens,"Dickens, Charles",Jonathan Lethem,"=""0812967437""","=""9780812967432""",0,Modern Library,Paperback,880,2003,1848,,2026/04/25,currently-reading,currently-reading (#4),currently-reading,,,,1,0
1953,A Tale of Two Cities,Charles Dickens,"Dickens, Charles",,"=""0141439602""","=""9780141439600""",5.0,Penguin Books,Paperback,489,2003,1859,2026/04/21,2026/04/17,,,read,,,,1,0
31250,Little Dorrit,Charles Dickens,"Dickens, Charles","Stephen J. Wall, Helen Small","=""""","=""""",5.0,Penguin Classics,Paperback,860,2003,1857,2026/04/13,2026/03/12,,,read,,,,1,0
192893,"Whose Body?  (Lord Peter Wimsey, #1)",Dorothy L. Sayers,"Sayers, Dorothy L.",,"=""0061043575""","=""9780061043574""",3.0,HarperTorch,Mass Market Paperback,224,1995,1923,2026/04/05,2026/04/05,,,read,,,,1,0
31242,Bleak House,Charles Dickens,"Dickens, Charles","Nicola Bradbury, Hablot Knight Browne","=""0143037617""","=""9780143037613""",5.0,Penguin Books,Paperback,1017,2006,1853,2026/03/07,2026/01/29,,,read,,,,1,0
31244,Our Mutual Friend,Charles Dickens,"Dickens, Charles",Richard Gaughan,"=""0375761144""","=""9780375761140""",5.0,Modern Library,Paperback,801,2002,1865,2026/01/27,2025/12/23,,,read,,,,1,0
223854881,What We Can Know,Ian McEwan,"McEwan, Ian",,"=""0593804724""","=""9780593804728""",5.0,Knopf,Hardcover,303,2025,2025,2026/01/12,2026/01/07,,,read,,,,1,0
214198085,Jævla menn,Andrev Walden,"Walden, Andrev",Håvard Syvertsen,"=""8248935663""","=""9788248935667""",4.0,Kagge,Hardcover,375,2024,2023,2026/01/07,2026/01/04,,,read,,,,1,0
199066185,Da vi var yngre,Oliver Lovrenski,"Lovrenski, Oliver",,"=""8203450113""","=""9788203450112""",4.0,Aschehoug,Hardcover,242,2023,2023,2026/01/04,2026/01/04,,,read,,,,1,0
224003263,The Killer Question,Janice Hallett,"Hallett, Janice",,"=""1668083531""","=""9781668083536""",5.0,Atria Books,Hardcover,448,2025,2025,2026/01/02,2026/01/01,,,read,,,,1,0
182381,Cranford,Elizabeth Gaskell,"Gaskell, Elizabeth",Patricia Ingham,"=""0141439882""","=""9780141439884""",4.0,Penguin Classics,Paperback,257,2006,1853,2025/12/21,2025/12/17,,,read,,,,1,0
18254,Oliver Twist,Charles Dickens,"Dickens, Charles",Philip Horne,"=""""","=""""",5.0,Penguin Books,Paperback,608,2003,1838,2025/12/15,2025/12/06,,,read,,,,1,0
195269275,The Trouble With Mrs Montgomery Hurst,Katie Lumsden,"Lumsden, Katie",,"=""0241556139""","=""9780241556139""",3.0,Penguin,Kindle Edition,439,2024,2024,2025/11/29,2025/11/16,,,read,,,,1,0
238762025,Arbeidarhjerte - bok 2,Carl Frode Tiller,"Tiller, Carl Frode",,"=""8203457193""","=""9788203457197""",0,Aschehoug,Hardcover,,2025,2025,,2025/10/29,currently-reading,currently-reading (#3),currently-reading,,,,1,0
230910361,Shadow Ticket,Thomas Pynchon,"Pynchon, Thomas",,"=""1594206104""","=""9781594206108""",3.0,Penguin Press,Hardcover,293,2025,2025,2025/10/26,2025/10/11,,,read,,,,1,0
17208457,Bleeding Edge,Thomas Pynchon,"Pynchon, Thomas",,"=""1594204233""","=""9781594204234""",4.0,Penguin Press,Hardcover,477,2013,2013,2022/12/20,2022/11/30,,,read,,,,1,0
5129,Brave New World,Aldous Huxley,"Huxley, Aldous",,"=""0060929871""","=""9780060929879""",5.0,HarperPerennial / Perennial Classics,Paperback,288,1998,1932,2025/10/19,2025/10/16,,,read,,,,1,0
27162308,Henrik Ibsen's Hedda Gabler,Henrik Ibsen,"Ibsen, Henrik",,"=""0571258565""","=""9780571258567""",0,Faber & Faber,Kindle Edition,128,2010,1890,2024/03/28,2024/03/27,,,read,,,,1,0
465170,Menneske og maktene,Olav Duun,"Duun, Olav",,"=""8251803217""","=""9788251803212""",5.0,Olaf Norlis Forlag,Paperback,,1982,1938,2025/10/07,2025/10/05,,,read,,,,1,0
239039241,Doggerland,Agnes Ravatn,"Ravatn, Agnes",,"=""8234015931""","=""9788234015939""",4.0,Samlaget,Hardcover,211,2025,2025,2025/10/04,2025/10/03,,,read,,,,1,0
217322454,Arbeidarhjerte - bok 1,Carl Frode Tiller,"Tiller, Carl Frode",,"=""8203398332""","=""9788203398339""",5.0,Aschehoug,Hardcover,349,2024,2024,2025/10/02,2025/09/30,,,read,,,,1,0
242274697,Den usannsynlige seriemorderen. Arnfinn Nesset og hans 31 tilståelser,Simen Sætre,"Sætre, Simen",,"=""8202371783""","=""9788202371784""",0,Cappelen Damm,Hardcover,416,2025,2025,2025/09/29,2025/10/02,,,read,,,,1,0
239531673,"Endelig! Lykken. Og mitt forsøk, i 2022, på å utholde smerten ved tidens herjinger",Dag Solstad,"Solstad, Dag",,"=""8249530357""","=""9788249530359""",5.0,Forlaget Oktober,Hardcover,,2025,2025,2025/09/28,2025/09/28,,,read,,,,1,0
239532405,Du er hjemme nå,Per Petterson,"Petterson, Per",,"=""8249528891""","=""9788249528899""",4.0,Forlaget Oktober,Hardcover,208,2025,2025,2025/09/28,2025/09/27,,,read,,,,1,0
222062839,"Tåkemordet (K2, #12)",Hans Olav Lahlum,"Lahlum, Hans Olav",,"=""8202846595""","=""9788202846596""",4.0,Cappelen Damm,Hardcover,367,2024,2024,2025/09/24,2025/09/24,,,read,,,,1,0
36064,American Tabloid (Underworld USA #1),James Ellroy,"Ellroy, James",,"=""037572737X""","=""9780375727375""",5.0,Vintage Books,Paperback,592,2001,1995,2025/09/10,2025/08/28,,,read,,,,1,0
223032467,Vaim,Jon Fosse,"Fosse, Jon",Damion Searls,"=""""","=""9798893380217""",5.0,Transit Books,Hardcover,120,2025,2025,2025/09/07,2025/09/06,,,read,,,,1,0
9308027,Bli hvis du kan. Reis hvis du må.,Helga Flatland,"Flatland, Helga",,"=""8203195911""","=""9788203195914""",4.0,Aschehoug,Hardcover,170,2010,2010,2025/08/28,2025/08/26,,,read,,,,1,0
101000,"White Jazz (L.A. Quartet, #4)",James Ellroy,"Ellroy, James",,"=""""","=""""",4.0,Vintage,Paperback,354,2001,1992,2025/08/25,2025/08/19,,,read,,,,1,0
57727,"L.A. Confidential (L.A. Quartet, #3)",James Ellroy,"Ellroy, James",,"=""""","=""""",0,Arrow,Paperback,496,1994,1990,2025/08/18,2025/08/18,,,read,,,,1,0
214152261,Flesh,David Szalay,"Szalay, David",,"=""198212279X""","=""9781982122799""",4.0,Scribner,Hardcover,368,2025,2025,2025/08/14,2025/08/12,,,read,,,,1,0
214269374,Universality,Natasha   Brown,"Brown, Natasha",,"=""0593977300""","=""9780593977309""",3.0,Random House,Hardcover,152,2025,2025,2025/08/12,2025/08/11,,,read,,,,1,0
205973374,Misinterpretation,Ledia Xhoga,"Xhoga, Ledia",,"=""1959030809""","=""9781959030805""",4.0,Tin House,Paperback,304,2024,2024,2025/08/11,2025/08/09,,,read,,,,1,0
36058,"The Big Nowhere (L.A. Quartet, #2)",James Ellroy,"Ellroy, James",,"=""0099366614""","=""9780099366614""",5.0,Random House,Paperback,472,1994,1988,2025/08/07,2025/07/31,,,read,,,,1,0
236493275,Så gjør vi så,Helga Flatland,"Flatland, Helga",,"=""8203453368""","=""9788203453366""",4.0,Aschehoug,Hardcover,271,2025,2025,2025/08/07,2025/08/05,,,read,,,,1,0
21704,"The Black Dahlia (L.A. Quartet, #1)",James Ellroy,"Ellroy, James",,"=""0446698873""","=""9780446698870""",4.0,Mysterious Press,Paperback,348,2006,1987,2025/07/30,2025/07/28,,,read,,,,1,0
206119050,"The Waiting (Harry Bosch, #25; Renée Ballard, #6; Harry Bosch Universe, #39)",Michael Connelly,"Connelly, Michael",,"=""031656379X""","=""9780316563796""",4.0,"Little, Brown and Company",Hardcover,407,2024,2024,2025/07/20,2025/07/22,,,read,,,,1,0
231352512,Monique flykter,Édouard Louis,"Louis, Édouard",Egil Halmøy,"=""8203455298""","=""9788203455292""",3.0,Aschehoug,Hardcover,156,2025,2024,2025/07/19,2025/07/19,,,read,,,,1,0
221508547,"Nightshade (Catalina, #1; Harry Bosch Universe, #41)",Michael Connelly,"Connelly, Michael",,"=""0316588482""","=""9780316588485""",3.0,"Little, Brown and Company",Hardcover,352,2025,2025,2025/07/19,2025/07/18,,,read,,,,1,0
56294820,"Oh William! (Amgash, #3)",Elizabeth Strout,"Strout, Elizabeth",,"=""0812989430""","=""9780812989434""",4.0,Random House,Hardcover,240,2021,2021,2025/07/10,2025/07/08,,,read,,,,1,0
1736739,"Olive Kitteridge (Olive Kitteridge, #1)",Elizabeth Strout,"Strout, Elizabeth",,"=""""","=""""",4.0,Random House,Hardcover,270,2008,2008,2025/07/06,2025/07/03,,,read,,,,1,0
32080126,"Anything Is Possible (Amgash, #2)",Elizabeth Strout,"Strout, Elizabeth",,"=""0812989406""","=""9780812989403""",4.0,Random House,Hardcover,254,2017,2017,2025/07/01,2025/06/27,,,read,,,,1,0
25893709,"My Name Is Lucy Barton (Amgash, #1)",Elizabeth Strout,"Strout, Elizabeth",,"=""1400067693""","=""9781400067695""",4.0,Random House,Hardcover,193,2016,2016,2025/06/26,2025/06/25,,,read,,,,1,0
25084525,Mi briljante venninne,Elena Ferrante,"Ferrante, Elena",Kristin Sørsdal,"=""8252185908""","=""9788252185904""",4.0,Det Norske Samlaget,Hardcover,403,2015,2011,2025/06/23,2025/06/22,,,read,,,,1,0
62841187,Dine ord,Gaute Heivoll,"Heivoll, Gaute",,"=""8210058835""","=""9788210058837""",3.0,Tiden,Hardcover,182,2022,,2025/06/22,2025/06/21,,,read,,,,1,0
413,Mason & Dixon,Thomas Pynchon,"Pynchon, Thomas",,"=""0312423209""","=""9780312423209""",0,Picador USA,Paperback,773,2004,1997,,2025/06/15,currently-reading,currently-reading (#2),currently-reading,,,,1,0
177404,The Waiting Years,Fumiko Enchi,"Enchi, Fumiko",John Bester,"=""477002889X""","=""9784770028891""",5.0,Kodansha USA,Paperback,204,2002,1957,2025/06/08,2025/06/05,,,read,,,,1,0
50362362,"The Inugami Curse (Detective Kosuke Kindaichi, #2)",Seishi Yokomizo,"Yokomizo, Seishi",Yumiko Yamazaki,"=""1782275029""","=""9781782275022""",4.0,Pushkin Vertigo,Kindle Edition,321,2020,1950,2025/06/05,2025/05/31,,,read,,,,1,0
61423833,The Rainbow,Yasunari Kawabata,"Kawabata, Yasunari",Haydn Trowell,"=""0593314921""","=""9780593314920""",4.0,Vintage,Paperback,224,2023,1951,2025/05/30,2025/05/29,,,read,,,,1,0
228394781,Small Boat,Vincent Delecroix,"Delecroix, Vincent","Helen Stevenson, Jeremy Harding","=""1913109372""","=""9781913109370""",4.0,HopeRoad,Paperback,122,2025,2023,2025/05/26,2025/05/25,,,read,,,,1,0
464260,The Fire Next Time (Vintage International),James Baldwin,"Baldwin, James",,"=""067974472X""","=""9780679744726""",0,Vintage,Paperback,106,1992,1963,2025/05/25,2025/05/25,,,read,,,,1,0
56916837,To Kill a Mockingbird,Harper Lee,"Lee, Harper",,"=""""","=""""",5.0,Harper Perennial Modern Classics,Paperback,323,2021,1960,2025/05/17,2025/05/14,,,read,,,,1,0
38463,If Beale Street Could Talk,James Baldwin,"Baldwin, James",,"=""0307275930""","=""9780307275936""",5.0,Vintage,Paperback,197,2006,1974,2025/05/12,2025/05/11,,,read,,,,1,0
173754979,James,Percival Everett,"Everett, Percival",,"=""0385550367""","=""9780385550369""",5.0,Knopf Doubleday,Hardcover,303,2024,2024,2025/05/11,2025/05/11,,,read,,,,1,0
203200544,Perfection,Vincenzo Latronico,"Latronico, Vincenzo",Sophie Hughes,"=""1804271055""","=""9781804271056""",4.0,Fitzcarraldo Editions,Kindle Edition,137,2025,2022,2025/05/10,2025/05/10,,,read,,,,1,0
5933841,Inherent Vice,Thomas Pynchon,"Pynchon, Thomas",,"=""1594202249""","=""9781594202247""",5.0,Penguin Press,Hardcover,369,2009,2009,2025/05/07,2025/05/01,,,read,,,,1,0
59721,Vineland,Thomas Pynchon,"Pynchon, Thomas",,"=""3499136287""","=""9783499136283""",5.0,Rowohlt Tb.,Paperback,480,1995,1990,2025/04/28,2025/04/15,,,read,,,,1,0
56887117,"The Village of Eight Graves (Detective Kosuke Kindaichi, #3)",Seishi Yokomizo,"Yokomizo, Seishi",Bryan Karetnyk,"=""1782277455""","=""9781782277453""",4.0,Pushkin Vertigo,Paperback,349,2021,1950,2025/04/25,2025/04/25,,,read,,,,1,0
17899948,Rebecca,Daphne du Maurier,"Maurier, Daphne du",,"=""0316323705""","=""9780316323703""",4.0,"Little, Brown and Company",Kindle Edition,449,2013,1938,2025/04/18,2025/04/18,,,read,,,,1,0
34602444,"The Odyssey: a new translation, contexts, criticism",Homer,"Homer, Homer",Emily Wilson,"=""0393634566""","=""9780393634563""",5.0,W. W. Norton  Company,Paperback,429,2017,-750,2025/04/14,2025/04/05,,,read,,,,1,0
59112463,"Death on Gokumon Island (Detective Kosuke Kindaichi, #4)",Seishi Yokomizo,"Yokomizo, Seishi",Louise Heal Kawai,"=""1782277412""","=""9781782277415""",4.0,Pushkin Vertigo,Paperback,320,2022,1948,2025/04/14,2025/04/13,,,read,,,,1,0
50144,Kitchen,Banana Yoshimoto,"Yoshimoto, Banana","Megan Backus, Noguchi Rika","=""0802142443""","=""9780802142443""",3.0,Grove Press,Paperback,160,2006,1988,2025/04/04,2025/04/03,,,read,,,,1,0
243601,"Imperium (Cicero, #1)",Robert   Harris,"Harris, Robert",,"=""074326603X""","=""9780743266031""",3.0,Simon & Schuster,Hardcover,305,2006,2006,2025/04/03,2025/03/25,,,read,,,,1,0
29397486,Conclave,Robert   Harris,"Harris, Robert",,"=""""","=""""",2.0,Cornerstone Digital,ebook,288,2016,2016,,2025/03/21,,,read,,,,1,0
14029,Beauty and Sadness (Vintage International),Yasunari Kawabata,"Kawabata, Yasunari",Howard S. Hibbett,"=""0679761055""","=""9780679761051""",5.0,Knopf Doubleday Publishing Group,Paperback,206,1996,1963,2025/03/13,2025/03/07,,,read,,,,1,0
228964048,En sann svir! Det Norske Travselskap 150 år,Dag Solstad,"Solstad, Dag",,"=""""","=""9788249529322""",3.0,Forlaget Oktober,Hardcover,110,2025,2025,2025/03/02,2025/03/12,,,read,,,,1,0
557078,Geschichte vom alten Kind,Jenny Erpenbeck,"Erpenbeck, Jenny",,"=""3442726867""","=""9783442726868""",4.0,Btb,Paperback,124,2001,1999,2025/03/07,2025/03/07,,,read,,,,1,0
50143,Asleep,Banana Yoshimoto,"Yoshimoto, Banana",Michael Emmerich,"=""0571205372""","=""9780571205370""",4.0,Faber & Faber,Paperback,177,2001,1989,2025/03/06,2025/02/24,,,read,,,,1,0
14027,Thousand Cranes,Yasunari Kawabata,"Kawabata, Yasunari",Edward G. Seidensticker,"=""0679762655""","=""9780679762652""",4.0,Vintage,Paperback,147,1996,1952,2025/03/01,2025/02/28,,,read,,,,1,0
55782299,The Woman in the Purple Skirt,Natsuko Imamura,"Imamura, Natsuko",Lucy North,"=""014313602X""","=""9780143136026""",4.0,Penguin Books,Hardcover,224,2021,2019,2025/02/23,2025/02/22,,,read,,,,1,0
762476,Kokoro,Natsume Sōseki,"Sōseki, Natsume",Edwin McClellan,"=""0809260956""","=""9780895267153""",5.0,Gateway Editions,Paperback,256,1996,1914,2025/02/22,2025/02/16,,,read,,,,1,0
14028,Snow Country,Yasunari Kawabata,"Kawabata, Yasunari",Edward G. Seidensticker,"=""0679761047""","=""9780679761044""",5.0,Vintage,Paperback,175,1996,1948,2025/02/16,2025/02/14,,,read,,,,1,0
52706058,"The Honjin Murders (Detective Kosuke Kindaichi, #1)",Seishi Yokomizo,"Yokomizo, Seishi",Louise Heal Kawai,"=""1782275002""","=""9781782275008""",4.0,Pushkin Vertigo,Paperback,189,2019,1946,2025/02/14,2025/02/14,,,read,,,,1,0
34449,The Makioka Sisters,Jun'ichirō Tanizaki,"Tanizaki, Jun'ichirō",Edward G. Seidensticker,"=""0679761640""","=""9780679761648""",5.0,Vintage,Paperback,530,1995,1948,2025/02/11,2025/02/02,,,read,,,,1,0
54539,Silas Marner,George Eliot,"Eliot, George",,"=""""","=""""",4.0,Simon  Schuster,Paperback,262,2005,1861,2025/02/03,2025/01/27,,,read,,,,1,0
59145,Père Goriot,Honoré de Balzac,"Balzac, Honoré de","Burton Raffel, Peter Brooks","=""039397166X""","=""9780393971668""",5.0,W W Norton & Co Inc,Paperback,370,1997,1835,2025/01/19,2024/12/12,,,read,,,,1,0
54497604,Blomsterdalen,Niviaq Korneliussen,"Korneliussen, Niviaq",,"=""8702278383""","=""9788702278385""",4.0,Gyldendal,Paperback,279,2020,2020,2025/01/13,2025/01/10,,,read,,,,1,0
59759646,I Could Murder Her,E.C.R. Lorac,"Lorac, E.C.R.",,"=""1774644959""","=""9781774644959""",3.0,Rare Treasure Editions,Kindle Edition,231,2021,1951,2025/01/10,2025/01/10,,,read,,,,1,0
75447464,Death of an Author,E.C.R. Lorac,"Lorac, E.C.R.",Martin Edwards,"=""071236840X""","=""9780712368407""",5.0,British Library Publishing,Kindle Edition,222,2023,1935,2025/01/06,2025/01/05,,,read,,,,1,0
11346,Sula,Toni Morrison,"Morrison, Toni",,"=""0452283868""","=""9780452283862""",5.0,Plume,Paperback,174,2002,1973,2025/01/05,2025/01/03,,,read,,,,1,0
13152998,Home,Toni Morrison,"Morrison, Toni",,"=""0307594165""","=""9780307594167""",4.0,Knopf,Hardcover,147,2012,2012,2025/01/03,2025/01/02,,,read,,,,1,0
38588764,Tokyo Express,Seichō Matsumoto,"Matsumoto, Seichō","Gala Maria Follaco, P.C. Blum","=""8845932443""","=""9788845932441""",3.0,Adelphi,Paperback,175,2018,1958,2025/01/02,2025/01/01,,,read,,,,1,0
57583824,Dialogue sur l'art et la politique,Ken Loach,"Loach, Ken",Édouard Louis,"=""2130829309""","=""9782130829300""",0,PUF,Paperback,84,2021,2021,2024/12/30,2024/02/16,,,read,,,,1,0
5326,A Christmas Carol,Charles Dickens,"Dickens, Charles",Joe L. Wheeler,"=""1561797464""","=""9781561797462""",5.0,Bethany House Publishers ,Paperback,184,1999,1843,2024/12/30,2024/12/25,,,read,,,,1,0
56759,The Mayor of Casterbridge,Thomas Hardy,"Hardy, Thomas",Keith Wilson,"=""""","=""""",5.0,Penguin Books Ltd,Paperback,393,2003,1886,2024/12/02,2024/11/17,,,read,,,,1,0
178688354,Garman & Worse (Norwegian Edition),Alexander L. Kielland,"Kielland, Alexander L.",,"=""""","=""""",5.0,e-artnow,Kindle Edition,380,2023,1880,2024/02/26,2024/02/25,,,read,,,,1,0
15823480,Anna Karenina,Leo Tolstoy,"Tolstoy, Leo","Aylmer Maude, Louise Maude, Dieter Wellershoff, Bruno Goetz, Lev Tolstoj","=""0345803922""","=""9780345803924""",0,Vintage,Paperback,964,2012,1878,,2024/12/04,currently-reading,currently-reading (#1),currently-reading,,,,1,0
11337,The Bluest Eye,Toni Morrison,"Morrison, Toni",,"=""""","=""""",5.0,Plume,Paperback,216,2005,1970,2024/11/01,2024/10/28,,,read,,,,1,0
6149,Beloved,Toni Morrison,"Morrison, Toni",,"=""""","=""""",5.0,Vintage,Paperback,325,2004,1987,2024/10/27,2024/10/22,,,read,,,,1,0
259065,Apex Hides the Hurt,Colson Whitehead,"Whitehead, Colson",,"=""038550795X""","=""9780385507950""",4.0,Doubleday,Hardcover,212,2006,2006,2024/10/21,2024/10/20,,,read,,,,1,0
42270835,The Nickel Boys,Colson Whitehead,"Whitehead, Colson",,"=""""","=""""",4.0,Doubleday,ebook,213,2019,2019,2024/10/17,2024/10/15,,,read,,,,1,0
25489025,The Vegetarian,Han Kang,"Kang, Han",Deborah Smith,"=""0553448188""","=""9780553448184""",5.0,Hogarth,Hardcover,158,2016,2007,2024/10/14,2024/10/10,,,read,,,,1,0
30555488,The Underground Railroad,Colson Whitehead,"Whitehead, Colson",,"=""0385542364""","=""9780385542364""",5.0,Doubleday,Hardcover,306,2016,2016,2024/10/10,2024/10/05,,,read,,,,1,0
16271,The Intuitionist,Colson Whitehead,"Whitehead, Colson",,"=""""","=""""",5.0,Anchor Books ,Paperback,255,1999,1999,2024/10/04,2024/10/03,,,read,,,,1,0
137235,Victoria,Knut Hamsun,"Hamsun, Knut",,"=""0285647598""","=""9780285647596""",5.0,Souvenir Press,Paperback,112,2007,1898,2024/08/04,2024/08/03,,,read,,,,1,0
62039166,The Bee Sting,Paul Murray,"Murray, Paul",,"=""0374600309""","=""9780374600303""",5.0,"Farrar, Straus and Giroux",Hardcover,645,2023,2023,2024/07/29,2024/07/18,,,read,,,,1,0
321897,Making Sense of the Troubles: The Story of the Conflict in Northern Ireland,David McKittrick,"McKittrick, David",David McVea,"=""1561310700""","=""9781561310708""",5.0,New Amsterdam Books,Hardcover,323,2002,2000,2024/07/20,2024/07/02,,,read,,,,1,0
200313522,"Terningmorderen (K2, #12)",Hans Olav Lahlum,"Lahlum, Hans Olav",,"=""8202805414""","=""9788202805418""",4.0,Cappelen Damm,Hardcover,398,2023,2023,2024/07/12,2024/07/12,,,read,,,,1,0
60417483,Trespasses,Louise Kennedy,"Kennedy, Louise",,"=""0593540891""","=""9780593540893""",4.0,Riverhead Books,Hardcover,292,2022,2022,2024/07/01,2024/06/24,,,read,,,,1,0
205996546,"Ett fall på Capri (Mord under solen, #1)",Anders de la Motte,"Motte, Anders de la",Anette de la Motte,"=""9137506285""","=""9789137506289""",3.0,Bokförlaget Forum,Hardcover,350,2024,2024,2024/06/28,2024/06/28,,,read,,,,1,0
56618809,Det åttende livet,Nino Haratischwili,"Haratischwili, Nino",Ute Neumann,"=""""","=""9788203375538""",5.0,Aschehoug,Hardcover,1147,2021,2014,,2024/06/01,,,read,,,,2,0
15703038,På gjengrodde stier,Knut Hamsun,"Hamsun, Knut",,"=""""","=""""",0,Gyldendal Norsk Forlag,Paperback,144,2009,1949,2024/06/01,2024/05/31,,,read,,,,1,0
55817233,The Netanyahus,Joshua Cohen,"Cohen, Joshua",,"=""1913097609""","=""9781913097608""",5.0,Fitzcarraldo Editions,Paperback,240,2021,2021,2024/05/26,2024/05/25,,,read,,,,1,0
32590,Pan,Knut Hamsun,"Hamsun, Knut",Sverre Lyngstad,"=""0141180676""","=""9780141180670""",5.0,Penguin Publishing Group,Paperback,181,1998,1894,2024/05/10,2024/05/09,,,read,,,,1,0
75674863,Mysterier,Knut Hamsun,"Hamsun, Knut",,"=""8205253676""","=""9788205253674""",4.0,Gyldendal Pocket,Perfect Paperback,0,1998,1892,2024/05/19,2024/05/11,,,read,,,,1,0
14743989,Sjur Gabriel (Hellemyrsfolket #1),Amalie Skram,"Skram, Amalie",,"=""""","=""""",0,Eide forlag,Unknown Binding,95,,1887,2024/05/09,2024/04/21,,,read,,,,1,0
174441226,Jordisk,Theis Ørntoft,"Ørntoft, Theis",,"=""8702315440""","=""9788702315448""",4.0,Gyldendal,Paperback,599,2023,2023,2024/05/04,2024/04/26,,,read,,,,1,0
16081734,Markens grøde,Knut Hamsun,"Hamsun, Knut",,"=""8205394849""","=""9788205394841""",5.0,Gyldendal Norsk Forlag,Paperback,304,2009,1917,2024/04/14,2024/03/28,,,read,,,,1,0
54815990,Fruen fra havet,Henrik Ibsen,"Ibsen, Henrik",,"=""""","=""""",0,,Kindle Edition,,2020,,2024/03/27,2024/03/25,,,read,,,,1,0
13432433,Byggmester Solness,Henrik Ibsen,"Ibsen, Henrik",,"=""8242135452""","=""9788242135452""",0,NRK Lydbokforlaget,Audio CD,,2003,1892,2024/03/25,2024/03/23,,,read,,,,1,0
3185972,Vildanden,Henrik Ibsen,"Ibsen, Henrik",,"=""8205004714""","=""9788205004719""",0,Gyldendal Norsk Forlag,Hardcover,127,1976,1884,2024/03/23,2024/03/23,,,read,,,,1,0
35152545,Gjengangere,Henrik Ibsen,"Ibsen, Henrik",Bjørn Hemmer,"=""8241903383""","=""""",0,Vigstadmo & Bjørke ,Hardcover,151,2005,1881,2024/03/17,2024/03/17,,,read,,,,1,0
10608653,Skipper Worse,Alexander L. Kielland,"Kielland, Alexander L.",,"=""1161452923""","=""9781161452921""",5.0,Kessinger Publishing,Hardcover,160,2010,1882,2024/03/09,2024/02/29,,,read,,,,1,0
173269692,Blokka på Bjerke. Tretten år i tredje etasje,Bjørn Hatterud,"Hatterud, Bjørn",,"=""8234010662""","=""9788234010668""",5.0,Samlaget,Hardcover,200,2023,2023,2024/02/25,2024/02/24,,,read,,,,1,0
205729735,Søstrene,Jonas Hassen Khemiri,"Khemiri, Jonas Hassen",Andreas E. Østby,"=""8205595046""","=""9788205595040""",4.0,Gyldendal Norsk Forlag,Hardcover,652,2024,2023,2024/02/24,2024/02/10,,,read,,,,1,0
31947773,Voldens historie,Édouard Louis,"Louis, Édouard",Egil Halmøy,"=""8203371302""","=""9788203371301""",5.0,Aschehoug ,Hardcover,189,2016,2016,2024/02/16,2024/02/13,,,read,,,,1,0
123005811,"The Queen of Poisons (Marlow Murder Club, #3)",Robert Thorogood,"Thorogood, Robert",,"=""0008567336""","=""9780008567330""",5.0,HQ,Hardcover,352,2024,2024,2024/02/14,2024/02/16,,,read,,,,1,0
62882034,Forandre seg. Metode,Édouard Louis,"Louis, Édouard",Egil Halmøy,"=""8203369596""","=""9788203369599""",5.0,Aschehoug,Hardcover,236,2022,2021,2024/02/13,2024/02/12,,,read,,,,1,0
46142698,Hvem drepte faren min,Édouard Louis,"Louis, Édouard",Egil Halmøy,"=""8203375057""","=""9788203375057""",5.0,Aschehoug,ebook,77,2019,2018,2024/02/12,2024/02/12,,,read,,,,1,0
60811296,En kvinnes frigjøring,Édouard Louis,"Louis, Édouard",Egil Halmøy,"=""8203369189""","=""9788203369186""",5.0,Aschehoug,Hardcover,108,2022,2021,2024/02/12,2024/02/11,,,read,,,,1,0
25038694,Farvel til Eddy Bellegueule,Édouard Louis,"Louis, Édouard",Egil Halmøy,"=""8203370586""","=""9788203370588""",5.0,Aschehoug,Hardcover,176,2015,2014,2024/02/11,2024/02/09,,,read,,,,1,0
60581087,The Passenger (The Passenger #1),Cormac McCarthy,"McCarthy, Cormac",,"=""0593535227""","=""9780593535226""",3.0,Knopf,Kindle Edition,385,2022,2022,2022/11/07,2024/02/09,,,read,,,,2,0
158875813,Prophet Song,Paul    Lynch,"Lynch, Paul",,"=""""","=""""",4.0,Oneworld Publications,ebook,259,2023,2023,2024/02/09,2024/02/03,,,read,,,,1,0
63376122,Om udregning af rumfang IV,Solvej Balle,"Balle, Solvej",,"=""8797184802""","=""9788797184806""",3.0,Pelagraf,Paperback,175,2022,2022,2024/02/01,2024/01/19,,,read,,,,1,0
55272651,Bisarre fortellinger,Olga Tokarczuk,"Tokarczuk, Olga",Julia Wiedlocha,"=""8205538115""","=""9788205538115""",4.0,Gyldendal,ebook,259,2020,2008,2024/01/12,2024/01/07,,,read,,,,1,0
204506426,Husjomfru,Edvard Hoem,"Hoem, Edvard",,"=""8249523849""","=""9788249523849""",4.0,Forlaget Oktober,Hardcover,395,2023,2023,2024/01/01,2023/12/29,,,read,,,,1,0
53174833,Sandition (Illustrated),Jane Austen,"Austen, Jane",,"=""""","=""""",0,Walrus Books Publisher,Kindle Edition,77,2019,1817,2023/12/23,2023/12/23,,,read,,,,1,0
59015514,Agnes natt og dag (Peter Venn og Agnes Møller #2),Kjersti Annesdatter Skomsvold,"Skomsvold, Kjersti Annesdatter",,"=""8249523881""","=""9788249523887""",5.0,Forlaget Oktober,Hardcover,180,2021,2021,2023/12/22,2023/12/22,,,read,,,,1,0
54701348,"I dag jeg, i morgen du (Peter Venn og Agnes Møller #1)",Kjersti Annesdatter Skomsvold,"Skomsvold, Kjersti Annesdatter",,"=""8249522702""","=""9788249522705""",4.0,Forlaget Oktober,Hardcover,145,2020,2020,2023/12/22,2023/12/18,,,read,,,,1,0
175740735,Crook Manifesto,Colson Whitehead,"Whitehead, Colson",,"=""0385547730""","=""9780385547734""",4.0,RANDOM HOUSE US,Paperback,336,2023,2023,2023/12/17,2023/11/22,,,read,,,,1,0
203485579,Hvem tok Therese?,Per Asle Rustad,"Rustad, Per Asle",,"=""8234717871""","=""9788234717871""",0,Bonnier Norsk,Hardcover,415,2023,,2023/11/17,2023/12/17,,,read,,,,1,0
60815515,Prosessen,Franz Kafka,"Kafka, Franz",Jon Fosse,"=""8279593373""","=""9788279593379""",5.0,Skald AS,Kindle Edition,264,2022,1925,2023/12/02,2023/10/29,,,read,,,,1,0
54626223,"Harlem Shuffle (The Harlem Trilogy, #1)",Colson Whitehead,"Whitehead, Colson",,"=""0385545134""","=""9780385545136""",5.0,Doubleday,Hardcover,318,2021,2021,2023/11/22,2023/11/15,,,read,,,,1,0
36217818,"Go, Went, Gone",Jenny Erpenbeck,"Erpenbeck, Jenny",Susan Bernofsky,"=""1846276217""","=""9781846276217""",5.0,Granta Books,Kindle Edition,339,2017,2015,2023/05/03,2023/04/30,,,read,,,,1,0
201634503,Jeg plystrer i den mørke vinden,Maria Navarro Skaranger,"Skaranger, Maria Navarro",,"=""824952697X""","=""9788249526970""",4.0,Oktober,Hardcover,190,2023,2023,2023/11/14,2023/11/12,,,read,,,,1,0
58839284,Emily Forever,Maria Navarro Skaranger,"Skaranger, Maria Navarro",,"=""8249523873""","=""9788249523870""",4.0,Forlaget Oktober,Hardcover,177,2021,2021,2023/11/12,2023/11/12,,,read,,,,1,0
23381324,33,Kjersti Annesdatter Skomsvold,"Skomsvold, Kjersti Annesdatter",,"=""8249514041""","=""9788249514045""",3.0,Oktober Forlag,Hardcover,123,2014,2014,2023/11/12,2023/11/02,,,read,,,,1,0
52933235,Før plogen din over de dødes knokler,Olga Tokarczuk,"Tokarczuk, Olga",Julia Wiedlocha,"=""8205520712""","=""9788205520714""",4.0,Gyldendal,Hardcover,289,2019,2009,2023/10/29,2023/10/22,,,read,,,,1,0
31132645,"Daghus, natthus",Olga Tokarczuk,"Tokarczuk, Olga",Jan Henrik Swahn,"=""919747567X""","=""9789197475679""",4.0,Ariel förlag,Hardcover,344,2005,1998,2023/10/21,2023/10/07,,,read,,,,1,0
7941074,"Jo fortere jeg går, jo mindre er jeg",Kjersti Annesdatter Skomsvold,"Skomsvold, Kjersti Annesdatter",,"=""8249506642""","=""9788249506644""",5.0,Oktober,,125,2009,2009,2023/10/04,2023/10/03,,,read,,,,1,0
42959244,Elskerinnene,Elfriede Jelinek,"Jelinek, Elfriede",Elisabeth Beanca Halvorsen,"=""8205351422""","=""""",4.0,Gyldendal Norsk Forlag,Hardcover,187,2006,1975,2023/10/02,2023/09/19,,,read,,,,1,0
162414574,Det kom ett brev från München (Inspector Barbarotti #8),Håkan Nesser,"Nesser, Håkan",,"=""9100800880""","=""9789100800888""",3.0,Albert Bonniers Förlag,Hardcover,390,2023,2023,2023/10/01,2023/10/01,,,read,,,,1,0
7766177,Kjærlighet,Hanne Ørstavik,"Ørstavik, Hanne",,"=""8249504216""","=""9788249504213""",5.0,Oktober,Paperback,111,2006,1997,2023/09/18,2012/06/24,,,read,,,,1,0
198320420,Skymning 41 : roman från en krigstid,Kjell Westö,"Westö, Kjell",,"=""9100801410""","=""9789100801410""",4.0,Albert Bonniers förlag,Hardcover,414,2023,,2023/09/16,2023/09/09,,,read,,,,1,0
5344,Hard Times,Charles Dickens,"Dickens, Charles","Jeff Nunokawa, Gage McWeeny","=""0321107217""","=""9780321107213""",5.0,Pearson,Paperback,384,2003,1854,2023/09/08,2023/08/25,,,read,,,,1,0
56764233,Kjærlighet i nødsfall,Daniela Krien,"Krien, Daniela",,"=""8232803487""","=""9788232803484""",5.0,Forlaget Press,Hardcover,272,2021,2019,2023/08/24,2023/08/23,,,read,,,,1,0
7617675,"Det grovmaskiga nätet (Van Veeteren, #1)",Håkan Nesser,"Nesser, Håkan",,"=""9100555304""","=""9789100555306""",0,Albert Bonniers Förlag,Hardcover,268,1997,1993,2023/08/23,2023/08/22,,,read,,,,1,0
181558028,Om utregning av romfang 3,Solvej Balle,"Balle, Solvej",,"=""823280582X""","=""9788232805822""",5.0,Forlaget Press,Hardcover,231,2023,2021,2023/08/21,2023/08/21,,,read,,,,1,0
25720272,Gå ikke alene ut i natten,Kjell Westö,"Westö, Kjell",Erik Krogstad,"=""8253032684""","=""9788253032689""",5.0,Pax,Paperback,560,2010,2009,2023/08/21,2023/08/13,,,read,,,,1,0
18114335,"Pietr the Latvian (Maigret, #1)",Georges Simenon,"Simenon, Georges",David Bellos,"=""0141392738""","=""9780141392738""",0,Penguin Books,Paperback,162,2013,1930,2023/08/13,2023/08/13,,,read,,,,1,0
1784411,Vådan av att vara Skrake,Kjell Westö,"Westö, Kjell",,"=""9515218535""","=""9789515218537""",4.0,Söderström,Hardcover,373,2000,2000,2023/08/12,2023/08/08,,,read,,,,1,0
7116612,Der vi engang gikk,Kjell Westö,"Westö, Kjell",,"=""8253031246""","=""9788253031248""",5.0,Pax,Paperback,551,2008,2006,2023/08/08,2023/08/03,,,read,,,,1,0
11297021,Alle navnene,José Saramago,"Saramago, José",,"=""8756814895""","=""9788756814898""",5.0,Samleren,,235,1999,1997,2023/08/03,2023/08/01,,,read,,,,1,0
42376367,De venstrehåndedes forening,Håkan Nesser,"Nesser, Håkan","Jan Mølgaard, Agnete Dorph Stjernfelt","=""8770070644""","=""9788770070645""",0,Modtryk,Hardcover,461,2018,2018,2023/07/31,2023/07/31,,,read,,,,1,0
17364640,"De sørgende (Barbarotti, #5)",Håkan Nesser,"Nesser, Håkan",Elisabeth Bjørnson,"=""8205444315""","=""9788205444317""",0,Gyldendal Norsk Forlag AS,Hardcover,400,2013,2012,2023/07/29,2023/07/29,,,read,,,,1,0
8584946,Caribou Island,David Vann,"Vann, David",,"=""0061875724""","=""9780061875724""",3.0,Harper,Hardcover,293,2011,2010,,2012/06/09,,,read,,,,1,0
57198517,Schack under vulkanen (Inspector Barbarotti #7),Håkan Nesser,"Nesser, Håkan",,"=""9100187968""","=""9789100187965""",0,Albert Bonnier Förlag,Hardcover,395,2021,2021,2023/07/27,2023/07/27,,,read,,,,1,0
61948337,Egne barn,Trude Marstein,"Marstein, Trude",,"=""8205572240""","=""9788205572249""",3.0,Gyldendal Norsk Forlag,Hardcover,328,2022,2022,2023/07/22,2023/07/20,,,read,,,,1,0
17895,The Successor,Ismail Kadare,"Kadare, Ismail",David Bellos,"=""1559707739""","=""9781559707732""",4.0,Arcade Publishing,Hardcover,216,2005,2003,2023/07/22,2023/07/19,,,read,,,,1,0
62358464,"Søskenmysteriene (K2, #11)",Hans Olav Lahlum,"Lahlum, Hans Olav",,"=""8202762847""","=""9788202762841""",0,Cappelen Damm,Hardcover,298,2022,2022,2023/07/20,2023/07/20,,,read,,,,1,0
62892824,Kirurgen,Ida Hegazi Høyer,"Høyer, Ida Hegazi",,"=""8210058215""","=""9788210058219""",4.0,Tiden Norsk Forlag,Hardcover,266,2022,2022,2023/07/19,2023/07/19,,,read,,,,1,0
61030304,Brannen,Daniela Krien,"Krien, Daniela",,"=""8232804521""","=""9788232804528""",5.0,Forlaget Press,Hardcover,215,2022,2021,2023/07/18,2023/07/18,,,read,,,,1,0
797635,The Palace of Dreams,Ismail Kadare,"Kadare, Ismail",,"=""1559704160""","=""9781559704168""",4.0,Arcade Publishing,Paperback,208,1998,1981,2023/07/18,2023/07/17,,,read,,,,1,0
58085227,Free: A Child and a Country at the End of History,Lea Ypi,"Ypi, Lea",,"=""0393867730""","=""9780393867732""",5.0,W. W. Norton & Company,Hardcover,288,2022,2021,2023/07/17,2023/07/16,,,read,,,,1,0
6668991,La Fille d'Agamemnon,Ismail Kadare,"Kadare, Ismail","Éric Faye, Tedi Papavrami","=""2253109150""","=""9782253109150""",4.0,LIVRE DE POCHE (LGF),Paperback,123,2005,2003,2023/07/16,2023/07/16,,,read,,,,1,0
57366942,"Death Comes to Marlow (Marlow Murder Club, #2)",Robert Thorogood,"Thorogood, Robert",,"=""0008238316""","=""9780008238315""",5.0,HQ,Kindle Edition,366,2023,2023,2023/07/10,2023/07/10,,,read,,,,1,0
62973652,Jeg er egentlig ikke sånn,Marie Aubert,"Aubert, Marie",,"=""824952554X""","=""9788249525546""",4.0,Forlaget Oktober,Hardcover,213,2022,2022,2023/07/08,2023/07/08,,,read,,,,1,0
61885783,Gjestene,Agnes Ravatn,"Ravatn, Agnes",,"=""8234003348""","=""9788234003349""",4.0,Det Norske Samlaget,Hardcover,176,2022,2022,2023/07/08,2023/07/07,,,read,,,,1,0
58210933,Trust,Hernan Diaz,"Diaz, Hernan",,"=""""","=""""",3.0,Riverhead Books,Hardcover,402,2022,2022,2023/07/07,2023/07/06,,,read,,,,1,0
55451684,Om udregning af rumfang II,Solvej Balle,"Balle, Solvej",,"=""8799584883""","=""9788799584888""",4.0,Pelagraf,Paperback,180,2020,2020,2023/06/21,2023/06/21,,,read,,,,1,0
479155,Beretninger Om Beskyttelse,Erik Fosnes Hansen,"Hansen, Erik Fosnes",,"=""8202183839""","=""9788202183837""",4.0,J.W. Cappelen,Hardcover,555,1998,1998,2023/06/20,2023/06/11,,,read,,,,1,0
2745858,Salme ved reisens slutt,Erik Fosnes Hansen,"Hansen, Erik Fosnes",,"=""""","=""""",4.0,Cappelen,Hardcover,458,1992,1990,2023/06/05,2023/06/03,,,read,,,,1,0
1934,"Little Women (Little Women, #1)",Louisa May Alcott,"Alcott, Louisa May","Regina Barreca, Grzegorz Komerski, Marta Fihel","=""""","=""""",0,Signet Classics,Mass Market Paperback,449,2004,1868,2023/06/01,2023/05/29,,,read,,,,1,0
1420,Hamlet,William Shakespeare,"Shakespeare, William","Harold Bloom, Rex Gibson, Israel Gollancz, Henry Norman Hudson, L.A. Sherman, Max J. Herzberg","=""0521618746""","=""9780521618748""",0,Cambridge University Press,Paperback,289,2005,1601,2023/05/29,2023/05/14,,,read,,,,1,0
2623,Great Expectations,Charles Dickens,"Dickens, Charles","Kate Flint, Margaret Cardwell","=""0192833596""","=""9780192833594""",5.0,Oxford University Press,Paperback,544,1998,1861,2023/05/29,2023/05/23,,,read,,,,1,0
61322622,The Secrets of Hartwood Hall,Katie Lumsden,"Lumsden, Katie",,"=""0593186923""","=""9780593186923""",4.0,Dutton,Hardcover,339,2023,2023,2023/04/30,2023/04/20,,,read,,,,1,0
50798,Jude the Obscure,Thomas Hardy,"Hardy, Thomas","Patricia Ingham, Dennis Taylor, Jenny Sterlin, Mark Oxford, James Oliver Smith Jr.","=""0486452433""","=""9780486452432""",5.0,Dover Publications,Paperback,310,2006,1895,2023/04/06,2023/04/03,,,read,,,,1,0
16328,"The Murder of Roger Ackroyd (Hercule Poirot, #4)",Agatha Christie,"Christie, Agatha",,"=""1579126278""","=""9781579126278""",0,Black Dog & Leventhal Pub,Hardcover,288,2006,1926,2023/04/03,2023/04/01,,,read,,,,1,0
337113,The Tenant of Wildfell Hall,Anne Brontë,"Brontë, Anne",Stevie Davies,"=""0140434747""","=""9780140434743""",5.0,Penguin Books,Paperback,576,1996,1848,2023/04/01,2023/03/25,,,read,,,,1,0
10210,Jane Eyre,Charlotte Brontë,"Brontë, Charlotte",Michael Mason,"=""0142437204""","=""9780142437209""",4.0,Penguin,Paperback,532,2003,1847,2023/03/25,2023/03/19,,,read,,,,1,0
31463,Far From the Madding Crowd,Thomas Hardy,"Hardy, Thomas","Rosemarie Morgan, Shannon Russell","=""""","=""""",5.0,Penguin Books,Paperback,433,2003,1874,2023/03/19,2023/03/13,,,read,,,,1,0
50398,Northanger Abbey,Jane Austen,"Austen, Jane",Alfred Mac Adam,"=""1593082649""","=""9781593082642""",5.0,Barnes & Noble Classics,Paperback,260,2005,1817,2023/03/12,2023/03/11,,,read,,,,1,0
33798117,Hvis der skulle komme et menneske forbi,Thomas Korsgaard,"Korsgaard, Thomas",,"=""8711453389""","=""9788711453384""",4.0,Lindhardt og Ringhof,Paperback,318,2017,2017,2023/03/09,2023/03/08,,,read,,,,1,0
16104175,Betong,Thomas Bernhard,"Bernhard, Thomas",,"=""""","=""""",0,Aschehoug forlag,Paperback,169,2007,1982,2023/03/07,2023/03/06,,,read,,,,1,0
553929,Wittgensteins Neffe,Thomas Bernhard,"Bernhard, Thomas",,"=""3518379658""","=""9783518379653""",0,Suhrkamp Verlag AG,Paperback,163,2008,1982,2023/03/05,2023/03/05,,,read,,,,1,0
17346750,De besatte,Fyodor Dostoevsky,"Dostoevsky, Fyodor",Geir Kjetsaa,"=""8256013370""","=""9788256013371""",5.0,Solum,Paperback,784,2001,1871,2023/03/04,2023/02/19,,,read,,,,1,0
7588,A Portrait of the Artist as a Young Man,James Joyce,"Joyce, James",Seamus Deane,"=""0142437344""","=""9780142437346""",5.0,Penguin Classics,Paperback,329,2003,1916,2023/02/18,2023/02/13,,,read,,,,1,0
6969,Emma,Jane Austen,"Austen, Jane",Fiona Stafford,"=""""","=""""",5.0,Penguin Books,Paperback,474,2003,1815,2023/02/12,2023/01/23,,,read,,,,1,0
2794,The Crying of Lot 49,Thomas Pynchon,"Pynchon, Thomas",,"=""""","=""""",4.0,Harper Perennial Modern Classics,Paperback,152,2006,1966,2023/02/07,2023/02/05,,,read,,,,1,0
2156,Persuasion,Jane Austen,"Austen, Jane","Deidre Shauna Lynch, James Kinsley","=""0192802631""","=""9780192802637""",5.0,Oxford University Press,Paperback,249,2004,1817,2023/01/23,2023/01/19,,,read,,,,1,0
1885,Pride and Prejudice,Jane Austen,"Austen, Jane",Anna Quindlen,"=""1441341706""","=""9781441341709""",5.0,Modern Library,Paperback,279,2023,1813,2023/01/18,2023/01/15,,,read,,,,1,0
6185,Wuthering Heights,Emily Brontë,"Brontë, Emily","Richard J. Dunn, Charlotte Brontë, John Bugg, Robert Heindel","=""""","=""""",5.0,Norton,Paperback,464,2002,1847,2023/01/14,2022/12/21,,,read,,,,1,0
35464845,En moderne familie,Helga Flatland,"Flatland, Helga",,"=""8203362362""","=""9788203362361""",3.0,Aschehoug,Hardcover,239,2017,2017,2023/01/10,2023/01/07,,,read,,,,1,0
52765414,Voksne mennesker,Marie Aubert,"Aubert, Marie",,"=""8249521455""","=""9788249521456""",4.0,Oktober,Hardcover,140,2019,2019,2023/01/07,2023/01/06,,,read,,,,1,0
61885920,Etterklang,Helga Flatland,"Flatland, Helga",,"=""8203394345""","=""9788203394348""",3.0,Aschehoug,Hardcover,286,2022,2022,2023/01/06,2023/01/05,,,read,,,,1,0
53937985,Et liv forbi,Helga Flatland,"Flatland, Helga",,"=""8203268609""","=""9788203268601""",5.0,Aschehoug,Hardcover,263,2020,2020,2023/01/05,2023/01/04,,,read,,,,1,0
62992370,Vi er ikke her for å ha det morsomt,Nina Lykke,"Lykke, Nina",,"=""824952375X""","=""9788249523757""",5.0,Forlaget Oktober,Hardcover,275,2022,2022,2023/01/04,2023/01/03,,,read,,,,1,0
13562049,Sweet Tooth,Ian McEwan,"McEwan, Ian",,"=""""","=""""",3.0,Jonathan Cape,Hardcover,320,2012,2012,2022/11/29,2022/11/24,,,read,,,,1,0
37839370,Alle dagers ende,Jenny Erpenbeck,"Erpenbeck, Jenny",,"=""8249517857""","=""9788249517855""",5.0,Oktober,Hardcover,257,2017,2012,2022/11/22,2022/11/15,,,read,,,,1,0
63329727,Eitranes,Lars Ove Seljestad,"Seljestad, Lars Ove",,"=""8203393144""","=""9788203393143""",4.0,Aschehoug,Hardcover,503,2022,2022,2022/08/31,2022/11/22,,,read,,,,1,0
36471149,Ärr,Auður Ava Ólafsdóttir,"Ólafsdóttir, Auður Ava",Arvid Nordh,"=""9176810941""","=""9789176810941""",4.0,Weyler Bokförlag AB,Hardcover,203,2017,2016,2022/11/15,2022/11/13,,,read,,,,1,0
6083011,Rødby-Puttgarden,Helle Helle,"Helle, Helle",,"=""""","=""9788763812122""",4.0,Samleren,Paperback,174,2006,2005,2022/11/13,2022/11/13,,,read,,,,1,0
12085377,Lang,Kjell Westö,"Westö, Kjell",Katriina Savolainen,"=""9511248065""","=""9789511248064""",3.0,Otava,Paperback,254,2010,2002,2022/08/04,2022/08/03,,,read,,,,1,0
55224372,Dottern,Lena Andersson,"Andersson, Lena",,"=""9177952782""","=""9789177952787""",3.0,Polaris,Hardcover,265,2020,2020,2022/09/18,2022/08/06,,,read,,,,1,0
7068039,Grand Manila,Kjartan Fløgstad,"Fløgstad, Kjartan",,"=""8205367175""","=""9788205367173""",4.0,Gyldendal,Paperback,410,2007,2006,2022/10/24,2022/10/22,,,read,,,,1,0
25107950,Trilogien,Jon Fosse,"Fosse, Jon",,"=""8252186513""","=""9788252186512""",5.0,Samlaget,Hardcover,239,2014,2014,2021/12/29,2022/10/24,,,read,,,,1,0
62805054,De kaller meg ulven,Zeshan Shakar,"Shakar, Zeshan",,"=""8205566380""","=""9788205566385""",4.0,Gyldendal,Hardcover,240,2022,2022,2022/10/20,2022/10/20,,,read,,,,1,0
1425665,Fundbüro,Siegfried Lenz,"Lenz, Siegfried",,"=""3455042805""","=""9783455042801""",3.0,Hoffmann und Campe,Hardcover,336,2003,2003,2022/10/19,2022/10/20,,,read,,,,1,0
40618339,Leksikon om lys og mørke,Simon Stranger,"Stranger, Simon",,"=""""","=""9788203363771""",5.0,Aschehoug,Hardcover,396,2018,2018,2022/10/05,2022/10/05,,,read,,,,1,0
33626470,Sauda! Streik!,Tor Obrestad,"Obrestad, Tor",,"=""8205053510""","=""""",4.0,Gyldendal Norsk Forlag,,218,1972,1972,2022/09/27,2022/09/26,,,read,,,,1,0
765618,Paradise,Abdulrazak Gurnah,"Gurnah, Abdulrazak",,"=""""","=""""",3.0,The New Press,Paperback,256,1995,1994,2022/09/26,2022/07/04,,,read,,,,1,0
23435165,Rettsstridig forføyning,Lena Andersson,"Andersson, Lena",,"=""8205464413""","=""9788205464414""",4.0,Gyldendal,,184,2014,2013,2022/09/25,2022/09/25,,,read,,,,1,0
17402679,Den uønskede middagen,Ismail Kadare,"Kadare, Ismail",,"=""8202360943""","=""9788202360948""",4.0,Cappelen Damm,Hardcover,169,2013,2008,2022/09/25,2013/03/28,,,read,,,,1,0
2303552,Dalen Portland,Kjartan Fløgstad,"Fløgstad, Kjartan",,"=""8252107184""","=""9788252107180""",5.0,Det Norske Samlaget,Hardcover,212,1977,1977,2022/09/10,2022/09/09,,,read,,,,1,0
4807859,Jeg forbanner tidens elv,Per Petterson,"Petterson, Per",,"=""8249505956""","=""9788249505951""",4.0,Oktober,Hardcover,235,2008,2008,2022/08/29,2022/08/28,,,read,,,,1,0
12930379,"De ensomme (Barbarotti, #4)",Håkan Nesser,"Nesser, Håkan",,"=""8205408300""","=""9788205408302""",0,Gyldendal Norsk Forlag AS,Hardcover,480,2011,2010,2022/08/28,2022/08/28,,,read,,,,1,0
51596016,Om udregning af rumfang I,Solvej Balle,"Balle, Solvej",,"=""8799584875""","=""9788799584871""",3.0,Pelagraf,Paperback,160,2020,2020,2022/08/19,2022/08/17,,,read,,,,1,0
21537930,Beretningen om herr Roos,Håkan Nesser,"Nesser, Håkan",,"=""8281431873""","=""9788281431874""",0,Piratforlaget,Hardcover,423,2009,2008,2022/08/17,2022/08/16,,,read,,,,1,0
6122168,En helt annen historie,Håkan Nesser,"Nesser, Håkan",,"=""8281431377""","=""9788281431379""",0,,Piratforlaget,,,2007,2022/08/14,2022/08/14,,,read,,,,1,0
39109459,Sveas son,Lena Andersson,"Andersson, Lena",,"=""9177950151""","=""9789177950158""",5.0,Bokförlaget Polaris,Hardcover,248,2018,2018,2022/08/05,2022/08/05,,,read,,,,1,0
3418936,Menneske uten hund (Barbarotti #1),Håkan Nesser,"Nesser, Håkan",Elisabeth Bjørnson,"=""8281431326""","=""9788281431324""",0,Piratforlaget,Paperback,440,2008,2006,2022/08/04,2022/08/04,,,read,,,,1,0
61752407,Koryféerna. En konspirationsroman,Lena Andersson,"Andersson, Lena",,"=""9177957539""","=""9789177957539""",3.0,Bokförlaget Polaris,Hardcover,240,2022,,2022/08/03,2022/08/02,,,read,,,,1,0
61182541,Ett fynd att dö för,Anders de la Motte,"Motte, Anders de la",Måns Nilsson,"=""9137159739""","=""9789137159737""",0,Bokförlaget Forum,Hardcover,395,2022,2022,2022/07/31,2022/07/30,,,read,,,,1,0
54700011,"Den sorgsne busschauffören från Alster (Inspector Barbarotti, #6)",Håkan Nesser,"Nesser, Håkan",,"=""9100184217""","=""9789100184216""",0,Albert Bonniers Förlag ,Audiobook,,2020,2020,2022/07/27,2022/07/28,,,read,,,,1,0
58241200,Döden går på visning,Anders de la Motte,"Motte, Anders de la",Måns Nilsson,"=""9137159712""","=""9789137159713""",0,Forum,Hardcover,344,2021,2021,2022/07/29,2022/07/29,,,read,,,,1,0
57872623,Samlede verker,Lydia Sandgren,"Sandgren, Lydia",Trude Marstein,"=""8293687436""","=""9788293687436""",4.0,Strawberry Publishing,Hardcover,709,2021,2020,2022/07/21,2022/07/18,,,read,,,,1,0
53419067,Gul bok,Zeshan Shakar,"Shakar, Zeshan",,"=""8205538212""","=""9788205538214""",4.0,Gyldendal,Hardcover,286,2020,2020,2022/07/17,2022/07/16,,,read,,,,1,0
568797,Pasenow oder die Romantik,Hermann Broch,"Broch, Hermann",,"=""3518010921""","=""9783518010921""",5.0,Suhrkamp,Hardcover,201,1978,1931,2022/07/15,2022/07/14,,,read,,,,1,0
54859577,Langs landeveien mellom Cottbus og Berlin,Erik Fosnes Hansen,"Hansen, Erik Fosnes",,"=""8202586763""","=""9788202586768""",4.0,Cappelen Damm,Hardcover,458,2020,,2022/07/14,2022/07/11,,,read,,,,1,0
50372771,Hjemsøkelse,Jenny Erpenbeck,"Erpenbeck, Jenny",,"=""8249521366""","=""9788249521364""",5.0,Oktober,Hardcover,169,2020,2008,2022/07/01,2022/06/28,,,read,,,,1,0
58877223,Kairos,Jenny Erpenbeck,"Erpenbeck, Jenny",,"=""332860085X""","=""9783328600855""",4.0,Penguin Verlag,Hardcover,379,2021,2021,2022/06/25,2022/06/16,,,read,,,,1,0
56920684,The Anomaly,Hervé Le Tellier,"Tellier, Hervé Le",Adriana Hunter,"=""1635421691""","=""9781635421699""",2.0,Other Press,Paperback,391,2021,2020,2022/06/23,2022/06/23,,,read,,,,1,0
59421817,Tøyeneffekten,Bjarte Breiteig,"Breiteig, Bjarte",,"=""8249523954""","=""9788249523955""",5.0,Forlaget Oktober AS,Hardcover,330,2021,2021,2022/06/15,2022/06/14,,,read,,,,1,0
9938997,Ekkoland,Per Petterson,"Petterson, Per",,"=""8249505859""","=""9788249505852""",3.0,Oktober,Paperback,139,2008,1989,2022/06/14,2022/06/14,,,read,,,,1,0
9060123,"Aske i munnen, sand i skoa",Per Petterson,"Petterson, Per",,"=""8249502515""","=""9788249502516""",4.0,Oktober,Paperback,125,2004,1987,2022/06/14,2022/06/14,,,read,,,,1,0
25250478,Hvis du vil,Helle Helle,"Helle, Helle",Trude Marstein,"=""8249514963""","=""9788249514960""",3.0,Forlaget Oktober,Hardcover,141,2015,2014,2022/06/13,2022/06/13,,,read,,,,1,0
59075859,"Jente, 1983",Linn Ullmann,"Ullmann, Linn",,"=""8249519795""","=""9788249519798""",4.0,Forlaget Oktober,Hardcover,260,2021,2021,2022/06/12,2022/06/11,,,read,,,,1,0
43375844,Krig og fred. 1,Leo Tolstoy,"Tolstoy, Leo","Lev Tolstoj, Erik Krag","=""8205270228""","=""9788205270220""",5.0,Gyldendal,Paperback,292,2000,1867,2022/03/01,2022/06/11,,,read,,,,1,0
1723987,Kjærlighet i koleraens tid,Gabriel García Márquez,"Márquez, Gabriel García","Kjell Risvik, John le Carré","=""8252545858""","=""9788252545852""",5.0,De norske bokklubbene ,,327,2004,1985,2022/06/11,2022/06/06,,,read,,,,1,0
60277684,Etterliv,Abdulrazak Gurnah,"Gurnah, Abdulrazak",Tone Formo,"=""""","=""9788205566897""",4.0,Gyldendal,Hardcover,322,2022,2020,2022/06/05,2022/05/26,,,read,,,,1,0
58619332,Forklaringen,Gaute Heivoll,"Heivoll, Gaute",,"=""821005838X""","=""9788210058387""",3.0,Tiden Norsk Forlag,Hardcover,271,2021,,2022/05/01,2022/05/17,,,read,,,,1,0
58451313,The Twyford Code,Janice Hallett,"Hallett, Janice",,"=""1788165322""","=""9781788165327""",3.0,Viper,Paperback,384,2022,2022,2022/01/01,2022/05/17,,,read,,,,1,0
3832,"Cover Her Face (Adam Dalgliesh, #1)",P.D. James,"James, P.D.",,"=""0743219570""","=""9780743219570""",3.0,Scribner,Paperback,250,2001,1962,2022/02/01,2022/05/17,,,read,,,,1,0
16054355,Jeg nekter,Per Petterson,"Petterson, Per",,"=""8249510569""","=""9788249510566""",4.0,Forlaget Oktober,Hardcover,295,2012,2012,2022/03/07,2022/05/17,,,read,,,,1,0
60552020,tilintetgjøre,Michel Houellebecq,"Houellebecq, Michel",,"=""""","=""9788202749538""",2.0,Cappelen Damm,Hardcover,688,2022,2022,2022/04/01,2022/05/17,,,read,,,,1,0
24083672,Slåttekar i himmelen,Edvard Hoem,"Hoem, Edvard",,"=""""","=""9788249514847""",4.0,Forlaget Oktober,Hardcover,351,2014,2014,2022/05/22,2022/05/17,,,read,,,,1,0
36434462,Den svovelgule himmelen,Kjell Westö,"Westö, Kjell",,"=""8253039573""","=""9788253039572""",4.0,Pax,Hardcover,459,2017,2017,2022/05/10,2022/05/17,,,read,,,,1,0
24077,Crabwalk: A Powerful Historical Family Saga of the Deadliest Maritime Disaster and Its Legacy,Günter Grass,"Grass, Günter","Krishna Winston, Per Øhrgaard, Tobias May Hertz","=""0156029707""","=""9780156029704""",4.0,HarperVia,Paperback,237,2004,2002,2022/05/06,2022/05/17,,,read,,,,1,0
55369995,Felemakaren,Edvard Hoem,"Hoem, Edvard",,"=""""","=""""",5.0,Forlaget Oktober,Hardcover,350,2020,2020,2022/04/13,2022/05/17,,,read,,,,1,0
59527165,The Appeal (The Appeal #1),Janice Hallett,"Hallett, Janice",,"=""""","=""""",0,Viper,Kindle Edition,432,2021,2021,2021/01/01,2022/05/17,,,read,,,,1,0
2608569,Like sant som jeg er virkelig,Hanne Ørstavik,"Ørstavik, Hanne",,"=""8270948543""","=""9788270948543""",4.0,Forlaget Oktober ,Hardcover,148,1999,1999,,2012/06/23,,,read,,,,1,0
3310154,Art History: The Basics,Diana Newall,"Newall, Diana",Grant Pooke,"=""0415373085""","=""9780415373081""",4.0,Routledge,Paperback,288,2007,2000,,2015/08/05,,,read,,,,1,0
222078,The Story of Art,E.H. Gombrich,"Gombrich, E.H.",,"=""071483355X""","=""9780714833552""",4.0,Phaidon Press LTD,Hardcover,688,1967,1950,,2015/08/05,,,read,,,,1,0
18404522,Fugletribunalet,Agnes Ravatn,"Ravatn, Agnes",,"=""8252183239""","=""9788252183238""",4.0,Samlaget,Hardcover,208,2013,2013,,2015/07/06,,,read,,,,1,0
192376,Dimanches d'août,Patrick Modiano,"Modiano, Patrick",,"=""2070381307""","=""9782070381302""",3.0,French and European Publications Inc,Paperback,186,1989,1986,,2015/07/06,,,read,,,,1,0
166997,Stoner,John  Williams,"Williams, John",John McGahern,"=""1590171993""","=""9781590171998""",4.0,New York Review Books,Paperback,292,2006,1965,,2015/07/06,,,read,,,,1,0
7433149,I Curse the River of Time,Per Petterson,"Petterson, Per",Charlotte Barslund,"=""1555975569""","=""9781555975562""",3.0,Graywolf Press,Hardcover,233,2010,2008,,2015/07/06,,,read,,,,0,0
10503,The Mysterious Flame of Queen Loana,Umberto Eco,"Eco, Umberto",Geoffrey Brock,"=""0156030438""","=""9780156030434""",3.0,Harcourt,Paperback,469,2006,2004,,2015/07/06,,,read,,,,1,0
24235201,Numero zero,Umberto Eco,"Eco, Umberto",,"=""8858769562""","=""9788858769560""",3.0,Bompiani,Kindle Edition,224,2015,2015,,2015/07/06,,,read,,,,1,0
398323,Out Stealing Horses,Per Petterson,"Petterson, Per",Anne Born,"=""""","=""""",4.0,Graywolf Press,Hardcover,258,2007,2003,,2014/12/07,,,read,,,,1,0
13556304,Dager i stillhetens historie,Merethe Lindstrøm,"Lindstrøm, Merethe",,"=""8203197213""","=""9788203197215""",5.0,Aschehoug,Hardcover,224,2011,2011,,2012/05/17,,,read,,,,1,0
629429,The World of Yesterday,Stefan Zweig,"Zweig, Stefan",Harry Zohn,"=""0803252242""","=""9780803252240""",5.0,University of Nebraska Press,Paperback,455,1964,1942,,2014/08/05,,,read,,,,1,0
808477,"He Who Whispers (Dr. Gideon Fell, #16)",John Dickson Carr,"Carr, John Dickson",,"=""0930330382""","=""9780930330385""",4.0,Intl Polygonics Ltd,Paperback,165,1986,1946,,2014/04/20,,,read,,,,1,0
12917124,Dark Pools: The Rise of the Machine Traders and the Rigging of the U.S. Stock Market,Scott Patterson,"Patterson, Scott",,"=""0307887170""","=""9780307887177""",4.0,Crown Business,Hardcover,368,2012,2012,,2014/03/02,,,read,,,,1,0
17912916,Data Science for Business: What You Need to Know about Data Mining and Data-Analytic Thinking,Foster Provost,"Provost, Foster",Tom Fawcett,"=""1449361323""","=""9781449361327""",5.0,O'Reilly Media,Paperback,413,2013,2013,,2013/11/02,,,read,,,,1,0
17346997,Doing Data Science: Straight Talk from the Frontline,Cathy O'Neil,"O'Neil, Cathy",Rachel Schutt,"=""1449358659""","=""9781449358655""",4.0,O'Reilly Media,Paperback,405,2013,2013,,2013/11/02,,,read,,,,1,0
11157352,Crossbones (Past Imperfect Trilogy),Nuruddin Farah,"Farah, Nuruddin",,"=""1594488169""","=""9781594488160""",3.0,Riverhead Books,Hardcover,400,2011,2011,,2013/08/25,,,read,,,,1,0
74827,Links,Nuruddin Farah,"Farah, Nuruddin",,"=""0143034847""","=""9780143034841""",3.0,Penguin Group USA,Paperback,352,2005,2003,,2013/07/18,,,read,,,,1,0
12175637,"The Crowded Grave (Bruno, Chief of Police, #4)",Martin  Walker,"Walker, Martin",,"=""1849163219""","=""9781849163217""",3.0,Quercus,Hardcover,320,2011,2011,,2013/07/16,,,read,,,,1,0
2195464,What I Talk About When I Talk About Running,Haruki Murakami,"Murakami, Haruki",Philip Gabriel,"=""""","=""""",4.0,Knopf Publishing Group,Hardcover,188,2008,2007,,2013/07/14,,,read,,,,1,0
8544591,"Black Diamond (Bruno, Chief of Police, #3)",Martin  Walker,"Walker, Martin",,"=""1849161216""","=""9781849161213""",2.0,Quercus Publishing Plc,ebook,320,2010,2010,,2013/07/11,,,read,,,,1,0
6665040,"The Dark Vineyard (Bruno, Chief of Police, #2)",Martin  Walker,"Walker, Martin",,"=""1847249159""","=""9781847249159""",3.0,Quercus,Hardcover,309,2009,2009,,2013/07/05,,,read,,,,1,0
414530,Nightfall in Mogadishu,Veronica Li,"Li, Veronica",,"=""1588202518""","=""9781588202512""",3.0,1st Book Library,Paperback,288,2000,2000,,2013/06/21,,,read,,,,1,0
15715512,"Kun kyyhkyset katosivat (Kvartetti, #3)",Sofi Oksanen,"Oksanen, Sofi",,"=""9520107819""","=""9789520107819""",3.0,Like,Hardcover,366,2012,2012,,2013/05/19,,,read,,,,1,0
17826227,Fyrsten,Henrik H. Langeland,"Langeland, Henrik H.",,"=""8210052969""","=""9788210052965""",3.0,Tiden,Hardcover,429,2013,2013,,2013/05/12,,,read,,,,1,0
8442457,Gone Girl,Gillian Flynn,"Flynn, Gillian",,"=""""","=""""",4.0,Weidenfeld & Nicolson,Hardcover,399,2012,2012,2013/04/11,2013/04/11,,,read,,,,1,0
16289948,Digital Disruption: Unleashing the Next Wave of Innovation,James McQuivey,"McQuivey, James",,"=""1477800123""","=""9781477800126""",4.0,Amazon Publishing,Hardcover,171,2013,2012,,2013/03/29,,,read,,,,1,0
6478768,When China Rules the World: The End of the Western World and the Birth of a New Global Order,Martin Jacques,"Jacques, Martin",,"=""1594201854""","=""9781594201851""",4.0,Penguin Press,Hardcover,778,2009,2008,,2013/03/23,,,read,,,,1,0
4100352,The Arabs: A History,Eugene Rogan,"Rogan, Eugene",,"=""0465071007""","=""9780465071005""",5.0,Basic Books,Hardcover,513,2009,2009,2013/01/06,2013/01/06,,,read,,,,1,0
16054245,Maos rike: En lidelseshistorie,Torbjørn Færøvik,"Færøvik, Torbjørn",,"=""8202337828""","=""9788202337827""",4.0,Cappelen Damm,Hardcover,640,2012,2012,,2012/12/20,,,read,,,,1,0
2612,The Tipping Point: How Little Things Can Make a Big Difference,Malcolm Gladwell,"Gladwell, Malcolm",,"=""""","=""""",4.0,Time Warner Book Group,Paperback,301,2002,2000,,2012/11/04,,,read,,,,1,0
2289512,A Blessed Child,Linn Ullmann,"Ullmann, Linn",Sarah Death,"=""0307265471""","=""9780307265470""",3.0,Knopf,Hardcover,320,2008,2005,,2012/08/26,,,read,,,,1,0
13416816,Det dyrebare,Linn Ullmann,"Ullmann, Linn",,"=""8249505395""","=""9788249505395""",5.0,Forlaget Oktober,Hardcover,389,2011,2011,,2012/08/08,,,read,,,,1,0
339483,Grace,Linn Ullmann,"Ullmann, Linn",Barbara Haveland,"=""1400078024""","=""9781400078028""",4.0,Knopf Doubleday Publishing Group,Paperback,144,2006,2002,2012/08/05,2012/08/05,,,read,,,,1,0
3271565,"Paradise Lost: Smyrna, 1922",Giles Milton,"Milton, Giles",,"=""0465011195""","=""9780465011193""",4.0,Basic Books,Hardcover,426,2008,2008,,2012/07/22,,,read,,,,1,0
28703,Cosmopolis,Don DeLillo,"DeLillo, Don",,"=""0330412744""","=""9780330412742""",2.0,Picador,Paperback,209,2003,2003,,2012/07/19,,,read,,,,1,0
2187,Middlesex,Jeffrey Eugenides,"Eugenides, Jeffrey",,"=""0312422156""","=""9780312422158""",4.0,Picador USA,Paperback,529,2002,2002,,2012/07/13,,,read,,,,1,0
1085376,Before You Sleep,Linn Ullmann,"Ullmann, Linn",,"=""067088698X""","=""9780670886982""",4.0,Viking Adult,Hardcover,291,1999,1998,,2012/07/10,,,read,,,,1,0
1899519,Kvinnen som kledte seg naken for sin elskede,Jan Wiese,"Wiese, Jan",,"=""8205188440""","=""9788205188440""",4.0,Gyldendal norsk forlag,Unknown Binding,170,1990,1990,,2012/06/20,,,read,,,,1,0
13259270,Free Will,Sam Harris,"Harris, Sam",,"=""1451683405""","=""9781451683400""",3.0,Free Press,Paperback,96,2012,2012,,2012/05/20,,,read,,,,1,0
7331435,A Visit from the Goon Squad,Jennifer Egan,"Egan, Jennifer",,"=""0307592839""","=""9780307592835""",4.0,Knopf,Hardcover,274,2010,2010,,2012/05/13,,,read,,,,1,0
28296,"W, or the Memory of Childhood",Georges Perec,"Perec, Georges",David Bellos,"=""1567921582""","=""9781567921588""",4.0,Verba Mundi,Paperback,176,2010,1975,,2012/05/09,,,read,,,,1,0
6932727,Imot kunsten,Tomas Espedal,"Espedal, Tomas",,"=""""","=""""",4.0,Gyldendal,Hardcover,176,2009,2009,,2012/05/08,,,read,,,,1,0
4312567,Baby Jane,Sofi Oksanen,"Oksanen, Sofi",,"=""9510309664""","=""9789510309667""",3.0,WSOY,Paperback,231,2009,2005,,2012/05/05,,,read,,,,1,0
12626550,Imot naturen,Tomas Espedal,"Espedal, Tomas",,"=""8205418276""","=""9788205418271""",5.0,Gyldendal,Hardcover,176,2011,2011,,2012/05/03,,,read,,,,1,0
1618,The Curious Incident of the Dog in the Night-Time,Mark Haddon,"Haddon, Mark",,"=""1400032717""","=""9781400032716""",4.0,Vintage,Paperback,226,2004,2003,,2012/05/01,,,read,,,,1,0
6581449,"Freefall: America, Free Markets, and the Sinking of the World Economy",Joseph E. Stiglitz,"Stiglitz, Joseph E.",,"=""0393075966""","=""9780393075960""",0,W. W. Norton & Company,Hardcover,361,2010,2010,,2012/03/19,,,read,,,,1,0
9854,The End of Poverty: Economic Possibilities for Our Time,Jeffrey D. Sachs,"Sachs, Jeffrey D.",Bono,"=""0143036580""","=""9780143036586""",0,Penguin Books,Paperback,464,2006,2005,,2012/03/19,,,read,,,,1,0
6463967,The Big Short: Inside the Doomsday Machine,Michael   Lewis,"Lewis, Michael",,"=""0393072231""","=""9780393072235""",4.0,W. W. Norton & Company,Hardcover,264,2010,2010,,2012/01/29,,,read,,,,1,0
10746542,The Sense of an Ending,Julian Barnes,"Barnes, Julian",,"=""0224094157""","=""9780224094153""",0,Jonathan Cape,Hardcover,150,2011,2011,,2012/01/14,,,read,,,,1,0
9534444,Boomerang: Travels in the New Third World,Michael   Lewis,"Lewis, Michael",,"=""0393081818""","=""9780393081817""",0,W. W. Norton & Company,Hardcover,213,2011,2011,,2012/01/14,,,read,,,,1,0
