Title,Author,Publisher
25 Erzählungen (German Edition),Franz Kafka,
"A Corpse in the Koryo (Inspector O, Book 1)",James Church,
"A Murder of Quality (George Smiley, Book 2)",John le Carré,
A Strangeness in My Mind,Orhan Pamuk,
Alias Grace,Margaret Atwood,
Anything Is Possible,Elizabeth Strout,
Before the Fall,Noah Hawley,
"Bitter Wash Road (Paul Hirsch, Book 1)",Garry Disher,
"Black Diamond (The Dordogne Mysteries, Book 3)",Martin Walker,
"Call for the Dead (George Smiley, Book 1)",John le Carré,
Camino Island,John Grisham,
Caught,Harlan Coben,
Conclave,Robert Harris,
"Cover Her Face (Adam Dalgliesh, Book 1)",P. D. James,
"Crossbones (Past Imperfect Trilogy, Book 3)",Nuruddin Farah,
"Dark Sacred Night (Renée Ballard, Book 2)",Michael Connelly,
"Dark Vineyard (The Dordogne Mysteries, Book 2)",Martin Walker,
David Copperfield,Charles Dickens,
"Dead Lions (Slough House, Book 2)",Mick Herron,
"Death Comes to Marlow (The Marlow Murder Club, Book 2)",Robert Thorogood,
"Death in Brittany (Brittany Mystery Series, Book 1)",Jean-Luc Bannalec,
Death of an Author,E. C. R. Lorac,
Death on the Installment Plan,Louis-Ferdinand Céline,
"Death Undercover (The Dordogne Mysteries, Book 7)",Martin Walker,
Er ist wieder da: Der Roman (German Edition),Timur Vermes,Bastei Lübbe
Fool Me Once,Harlan Coben,
Gone for Good,Harlan Coben,
"Gorky Park (Arkady Renko, Book 1)",Martin Cruz Smith,
Great Expectations,Charles Dickens,
"Harlem Shuffle (The Harlem Trilogy, Book 1)",Colson Whitehead,
"Heaven's Prisoners (Dave Robicheaux, Book 2)",James Lee Burke,
His Bloody Project,Graeme Macrae Burnet,
I Could Murder Her,E. C. R. Lorac,
"Imperium (Cicero Trilogy, Book 1)",Robert Harris,
"In the Woods (Dublin Murder Squad, Book 1)",Tana French,
Ironwood,Michael Connelly,
Just One Look,Harlan Coben,
"Kittyhawk Down (Challis & Destry, Book 2)",Garry Disher,
Leutnant Gustl (German Edition),Arthur Schnitzler,
"Links (Past Imperfect Trilogy, Book 1)",Nuruddin Farah,
Mason & Dixon,Thomas Pynchon,
Missing You,Harlan Coben,
Mrs. Dalloway,Virginia Woolf,
My Name Is Lucy Barton,Elizabeth Strout,
Never,Ken Follett,
Nightfall in Mogadishu,Veronica Li,
Nightshade,Michael Connelly,
No Second Chance,Harlan Coben,
North and South,Elizabeth Gaskell,
Our Mutual Friend,Charles Dickens,Penguin Classics
"Outline (Outline Trilogy, Book 1)",Rachel Cusk,
"Peace (Paul Hirsch, Book 2)",Garry Disher,
Perfection,Vincenzo Latronico,
Pietr the Latvian (Inspector Maigret),Georges Simenon,Penguin Classics
Pride and Prejudice,Jane Austen,
Radetzkymarsch (German Edition),Joseph Roth,
"Real Tigers (Slough House, Book 3)",Mick Herron,
Run Away,Harlan Coben,
Six Years,Harlan Coben,
Slaughterhouse-Five,Kurt Vonnegut,
"Slow Horses (Slough House, Book 1)",Mick Herron,
Small Boat,Vincent Delecroix,
Song of Solomon,Toni Morrison,
"Spook Street (Slough House, Book 4)",Mick Herron,
The Anomaly,Hervé Le Tellier,
The Appeal,Janice Hallett,
The Big Sleep,Raymond Chandler,
"The Black Box (Harry Bosch, Book 16)",Michael Connelly,
"The Black Dahlia (L.A. Quartet, Book 1)",James Ellroy,
"The Blackhouse (The Lewis Trilogy, Book 1)",Peter May,
The Boy from the Woods,Harlan Coben,
"The Bullet That Missed (Thursday Murder Club, Book 3)",Richard Osman,
"The Burning Room (Harry Bosch, Book 17)",Michael Connelly,
The Cartel,Don Winslow,
The Casual Vacancy,J. K. Rowling,
The Circle,Dave Eggers,
The Complete Father Brown Mysteries,G. K. Chesterton,
The Complete Sherlock Holmes,Arthur Conan Doyle,
"The Confessor (Gabriel Allon, Book 3)",Daniel Silva,
The Crossing (Harry Bosch),Michael Connelly,
"The Crowded Grave (The Dordogne Mysteries, Book 4)",Martin Walker,
"The Cuckoo's Calling (Cormoran Strike, Book 1)",Robert Galbraith,
"The Devil's Cave (The Dordogne Mysteries, Book 5)",Martin Walker,
"The Dragon Man (Challis & Destry, Book 1)",Garry Disher,
The Dry,Jane Harper,
"The Dying Season (The Dordogne Mysteries, Book 8)",Martin Walker,
"The English Assassin (Gabriel Allon, Book 2)",Daniel Silva,
The Enigma of Room 622,Joël Dicker,
The Farm,Tom Rob Smith,
The Fourth Protocol,Frederick Forsyth,
The Great Gatsby,F. Scott Fitzgerald,
The Guest List,Lucy Foley,
"The Honjin Murders (Detective Kindaichi, Book 1)",Seishi Yokomizo,
"The Kill Artist (Gabriel Allon, Book 1)",Daniel Silva,
The Killer Question,Janice Hallett,
"The Late Show (Renée Ballard, Book 1)",Michael Connelly,
"The Life and Opinions of Tristram Shandy, Gentleman",Laurence Sterne,
The Lover,Marguerite Duras,Harper Perennial
"The Man Who Died Twice (Thursday Murder Club, Book 2)",Richard Osman,
The Marlow Murder Club (Book 1),Robert Thorogood,
The Moonstone,Wilkie Collins,
"The Murder of Roger Ackroyd (Hercule Poirot, Book 4)",Agatha Christie,
The Murders at Fleat House,Lucinda Riley,
The Night Fire (Ballard & Bosch),Michael Connelly,
The Odyssey,Homer,
The Palace of Dreams,Ismail Kadare,Vintage Classics
The Passenger,Cormac McCarthy,
"The Phoenix Project: A Novel About IT, DevOps, and Helping Your Business Win","Gene Kim, Kevin Behr & George Spafford",
The Pickwick Papers,Charles Dickens,
"The Poet (Jack McEvoy, Book 1)",Michael Connelly,
The Power of the Dog,Don Winslow,
The President Is Missing,Bill Clinton & James Patterson,
"The Queen of Poisons (The Marlow Murder Club, Book 3)",Robert Thorogood,
"The Resistance Man (The Dordogne Mysteries, Book 6)",Martin Walker,
"The Scarecrow (Jack McEvoy, Book 2)",Michael Connelly,
"The Shadow of the Wind (The Cemetery of Forgotten Books, Book 1)",Carlos Ruiz Zafón,
"The Short Drop (Gibson Vaughn, Book 1)",Matthew FitzSimmons,
The Silent Patient,Alex Michaelides,
"The Spy Who Came in from the Cold (George Smiley, Book 3)",John le Carré,
The Stone Raft,José Saramago,
The Stranger,Albert Camus,
The Thursday Murder Club (Book 1),Richard Osman,
The Traitor's Story,Kevin Wignall,
The Truth About the Harry Quebert Affair,Joël Dicker,
The Twyford Code,Janice Hallett,
The Waiting (Ballard & Bosch),Michael Connelly,
The Waiting Years,Fumiko Enchi,Vintage Classics
The Woman in the Window,A. J. Finn,
"The Wrong Side of Goodbye (Harry Bosch, Book 19)",Michael Connelly,
"Things Fall Apart (The African Trilogy, Book 1)",Chinua Achebe,
"Thirteen (Eddie Flynn, Book 4)",Steve Cavanagh,
This Is How I Lied,Heather Gudenkauf,
Tinker Tailor Soldier Spy,John le Carré,Penguin Classics
Tokyo Express,Seichō Matsumoto,Penguin Classics
Traumnovelle (German Edition),Arthur Schnitzler,
Tristram Shandy,Laurence Sterne,William Collins
Two Kinds of Truth (Harry Bosch),Michael Connelly,
Ulysses (Illustrated),James Joyce,
Ulysses (Prometheus Classics),James Joyce,
War and Peace,Leo Tolstoy,
We Solve Murders,Richard Osman,
What We Can Know,Ian McEwan,
"Whose Body? (Lord Peter Wimsey, Book 1)",Dorothy L. Sayers,
Wuthering Heights,Emily Brontë,
